user_id,long_pos_pty,short_pos_qty,mark_price,fee,real_fee
"2000294",3,0,106.4073558093698215,-0.000174799945534988624,"-0.0007108491226538"
"2002178",1157,0,106.4073558093698215,-0.067414512327993945452,"-0.2741508116368320"
"2003289",0,144,106.4073558093698215,0.008390397385679453828,"0.0341207578873831"
"2004024",780,0,106.4073558093698215,-0.04544798583909704193,"-0.1848207718899991"
"2004064",66,0,106.4073558093698215,-0.003845598801769749728,"-0.0156386806983845"
"2005748",8,0,106.4073558093698215,-0.000466133188093303018,"-0.0018955976604102"
"2009045",600,0,106.4073558093698215,-0.034959989106997724552,"-0.1421698245307685"
"2010017",700,0,106.4073558093698215,-0.040786653958164011998,"-0.1658647952858966"
"2010968",170,0,106.4073558093698215,-0.009905330246982688652,"-0.0402814502837177"
"2011979",4247,0,106.4073558093698215,-0.247458456229032226746,"-1.0063254079702899"
"2013839",0,700,106.4073558093698215,0.040786653958164011936,"0.1658647952858900"
"2016926",0,8,106.4073558093698215,0.000466133188093302956,"0.0018955976604102"
"2022662",6000,0,106.4073558093698215,-0.34959989106997724521,"-1.4216982453076853"
"2025457",0,9824,106.4073558093698215,0.572411554978576076034,"2.3277939269836910"
"2026752",234,0,106.4073558093698215,-0.01363439575172911261,"-0.0554462315669997"
"2026791",840,0,106.4073558093698215,-0.048943984749796814348,"-0.1990377543430759"
"2028400",13391,0,106.4073558093698215,-0.780248690219677548358,"-3.1729935338192023"
"2030860",83,0,106.4073558093698215,-0.004836131826468018618,"-0.0196668257267563"
"2043371",10,0,106.4073558093698215,-0.000582666485116628788,"-0.0023694970755128"
"2049565",200,0,106.4073558093698215,-0.011653329702332574892,"-0.0473899415102562"
"2055670",1980,0,106.4073558093698215,-0.11536796405309249091,"-0.4691604209515361"
"2060172",0,2314,106.4073558093698215,0.134829024655987890842,"0.5483016232736422"
"2064322",214,245,106.4073558093698215,0.001806266103861549094,"0.0073454409340894"
"2065599",123,0,106.4073558093698215,-0.007166797766934533584,"-0.0291448140288075"
"2082455",848,0,106.4073558093698215,-0.049410117937890117366,"-0.2009333520034862"
"2083322",54,111,106.4073558093698215,0.003321198965164783794,"0.0135061333304225"
"2088752",0,65,106.4073558093698215,0.003787332153258086812,"0.0154017309908326"
"2097756",50,0,106.4073558093698215,-0.002913332425583143754,"-0.0118474853775640"
"2100793",0,200,106.4073558093698215,0.01165332970233257483,"0.0473899415102543"
"2104321",0,367,106.4073558093698215,0.021383860003780274796,"0.0869605426713166"
"2109732",0,100,106.4073558093698215,0.005826664851166287384,"0.0236949707551271"
"2119012",400,0,106.4073558093698215,-0.023306659404665149722,"-0.0947798830205124"
"2120162",400,0,106.4073558093698215,-0.023306659404665149722,"-0.0947798830205124"
"2121042",0,457,106.4073558093698215,0.026627858369829933454,"0.1082860163509311"
"2121565",300,0,106.4073558093698215,-0.017479994553498862276,"-0.0710849122653843"
"2131035",0,213,106.4073558093698215,0.01241079613298419218,"0.0504702877084208"
"2134036",194,0,106.4073558093698215,-0.011303729811262597644,"-0.0459682432649485"
"2138982",16054,0,106.4073558093698215,-0.935412775206235782376,"-3.8039906050282632"
"2142181",250,0,106.4073558093698215,-0.014566662127915718584,"-0.0592374268878202"
"2153277",1166,0,106.4073558093698215,-0.067938912164598911324,"-0.2762833590047935"
"2153363",73,0,106.4073558093698215,-0.00425346534135138983,"-0.0172973286512435"
"2156507",0,428,106.4073558093698215,0.02493812556299171013,"0.1014144748319442"
"3315244",0,1000,106.4073558093698215,0.05826664851166287415,"0.2369497075512715"
"3332412",120,0,106.4073558093698215,-0.00699199782139954496,"-0.0284339649061537"
"3341252",10,0,106.4073558093698215,-0.000582666485116628788,"-0.0023694970755128"
"3400313",200,0,106.4073558093698215,-0.011653329702332574892,"-0.0473899415102562"
"3486997",0,17,106.4073558093698215,0.000990533024698268828,"0.0040281450283716"
"3536777",2000,4500,106.4073558093698215,0.145666621279157185468,"0.5923742688781787"
"3633237",803,0,106.4073558093698215,-0.046788118754865288006,"-0.1902706151636785"
"3636471",557,0,106.4073558093698215,-0.032454523220996220962,"-0.1319809871060634"
"3647123",10785,0,106.4073558093698215,-0.628405804198284098196,"-2.5555025959405643"
"3668929",20,0,106.4073558093698215,-0.001165332970233257514,"-0.0047389941510256"
"3673968",200,0,106.4073558093698215,-0.011653329702332574892,"-0.0473899415102562"
"3816439",252,249,106.4073558093698215,-0.000174799945534988624,"-0.0007108491226538"
"3844983",0,3550,106.4073558093698215,0.206846602216403203372,"0.8411714618070138"
"3893897",35,0,106.4073558093698215,-0.002039332697908200634,"-0.0082932397642948"
"3938683",120,0,106.4073558093698215,-0.00699199782139954496,"-0.0284339649061537"
"3951080",10000,0,106.4073558093698215,-0.582666485116628741996,"-2.3694970755128088"
"3954059",0,2,106.4073558093698215,0.000116533297023325708,"0.0004738994151025"
"4018644",1305,0,106.4073558093698215,-0.076037976307720050882,"-0.3092193683544215"
"4021858",10,0,106.4073558093698215,-0.000582666485116628788,"-0.0023694970755128"
"4327796",0,700,106.4073558093698215,0.040786653958164011936,"0.1658647952858900"
"5000216",460,0,106.4073558093698215,-0.02680265831536492214,"-0.1089968654735892"
"5010899",120,0,106.4073558093698215,-0.00699199782139954496,"-0.0284339649061537"
"5015070",122,0,106.4073558093698215,-0.007108531118422870668,"-0.0289078643212563"
"5032156",0,17801,106.4073558093698215,1.03720461015611082353,"4.2179417441201836"
"6069230",1250,0,106.4073558093698215,-0.072833310639578592796,"-0.2961871344391011"
"6103949",0,4880,106.4073558093698215,0.284341244736914826038,"1.1563145728502048"
"6114193",4648,0,106.4073558093698215,-0.27082338228220903926,"-1.1013422406983535"
"6120230",5721,0,106.4073558093698215,-0.333343496135223303302,"-1.3555892769008779"
"6149051",0,800,106.4073558093698215,0.04661331880933029932,"0.1895597660410172"
"6149825",16,0,106.4073558093698215,-0.000932266376186606036,"-0.0037911953208205"
"6153044",0,8775,106.4073558093698215,0.511289840689841721046,"2.0792336837624073"
"6153852",800,0,106.4073558093698215,-0.046613318809330299382,"-0.1895597660410247"
"6167632",0,58,106.4073558093698215,0.003379465613676446648,"0.0137430830379737"
"6179247",1999,0,106.4073558093698215,-0.11647503037481408557,"-0.4736624653950105"
"6183657",0,1,106.4073558093698215,0.000058266648511662854,"0.0002369497075513"
"6188563",15,0,106.4073558093698215,-0.00087399972767494312,"-0.0035542456132692"
"6189309",0,10,106.4073558093698215,0.000582666485116628726,"0.0023694970755127"
"6191658",160,0,106.4073558093698215,-0.009322663761866059926,"-0.0379119532082049"
"6193610",2,0,106.4073558093698215,-0.00011653329702332577,"-0.0004738994151026"
"6195954",0,10,106.4073558093698215,0.000582666485116628726,"0.0023694970755127"
"6198563",0,370,106.4073558093698215,0.02155865994931526342,"0.0876713917939704"
"6212634",158,0,106.4073558093698215,-0.009206130464842734156,"-0.0374380537931024"
"6215372",15,0,106.4073558093698215,-0.00087399972767494312,"-0.0035542456132692"
"6215437",0,4700,106.4073558093698215,0.27385324800481550866,"1.1136636254909760"
"6256292",0,20,106.4073558093698215,0.001165332970233257452,"0.0047389941510254"
"6257858",6413,0,106.4073558093698215,-0.37366401690529401222,"-1.5195584745263643"
"6265542",0,92,106.4073558093698215,0.005360531663072984366,"0.0217993730947170"
"6282538",0,18,106.4073558093698215,0.001048799673209931682,"0.0042650947359229"
"6283905",33,0,106.4073558093698215,-0.001922799400884874864,"-0.0078193403491923"
"6288450",25,0,106.4073558093698215,-0.001456666212791571908,"-0.0059237426887820"
"6309245",0,3517,106.4073558093698215,0.204923802815518328508,"0.8333521214578218"
"6310769",0,3,106.4073558093698215,0.000174799945534988562,"0.0007108491226538"
"6316738",11,0,106.4073558093698215,-0.000640933133628291642,"-0.0026064467830641"
"6321042",700,0,106.4073558093698215,-0.040786653958164011998,"-0.1658647952858966"
"6328948",2000,0,106.4073558093698215,-0.116533297023325748424,"-0.4738994151025618"
"6342997",0,110,106.4073558093698215,0.00640933133628291611,"0.0260644678306399"
"6357899",0,4,106.4073558093698215,0.000233066594046651478,"0.0009477988302051"
"6365729",28,0,106.4073558093698215,-0.001631466158326560532,"-0.0066345918114359"
"6373072",1540,0,106.4073558093698215,-0.089730638707960826284,"-0.3649025496289726"
"6373251",35,0,106.4073558093698215,-0.002039332697908200634,"-0.0082932397642948"
"6384244",13239,0,106.4073558093698215,-0.771392159645904791512,"-3.1369771782714076"
"6417101",6,0,106.4073558093698215,-0.000349599891069977248,"-0.0014216982453077"
"6418197",971,0,106.4073558093698215,-0.056576915704824650888,"-0.2300781660322937"
"6419731",1501,0,106.4073558093698215,-0.087458239416005974172,"-0.3556615110344726"
"6452239",125,0,106.4073558093698215,-0.007283331063957859292,"-0.0296187134439101"
"6463369",0,7900,106.4073558093698215,0.460306523242136706126,"1.8719026896550447"
"6477118",0,10,106.4073558093698215,0.000582666485116628726,"0.0023694970755127"
"6482803",0,13,106.4073558093698215,0.00075746643065161735,"0.0030803461981665"
"6494095",0,1000,106.4073558093698215,0.05826664851166287415,"0.2369497075512715"
"6496867",1,0,106.4073558093698215,-0.000058266648511662916,"-0.0002369497075513"
"6509819",0,3300,106.4073558093698215,0.192279940088487484788,"0.7819340349191959"
"6511906",0,2,106.4073558093698215,0.000116533297023325708,"0.0004738994151025"
"6512103",130,0,106.4073558093698215,-0.007574664306516173686,"-0.0308034619816665"
"6517177",0,1772,106.4073558093698215,0.103248501162666613062,"0.4198748817808531"
"6519941",5,1,106.4073558093698215,-0.00023306659404665154,"-0.0009477988302051"
"6521128",1,0,106.4073558093698215,-0.000058266648511662916,"-0.0002369497075513"
"6528955",50,0,106.4073558093698215,-0.002913332425583143754,"-0.0118474853775640"
"6529987",48,0,106.4073558093698215,-0.002796799128559817984,"-0.0113735859624615"
"6534432",120,0,106.4073558093698215,-0.00699199782139954496,"-0.0284339649061537"
"6534996",0,80,106.4073558093698215,0.004661331880933029932,"0.0189559766041017"
"6542282",0,210,106.4073558093698215,0.012235996187449203556,"0.0497594385857670"
"6552847",0,42,106.4073558093698215,0.002447199237489840674,"0.0099518877171534"
"6559516",1,0,106.4073558093698215,-0.000058266648511662916,"-0.0002369497075513"
"6567803",1,0,106.4073558093698215,-0.000058266648511662916,"-0.0002369497075513"
"6587750",20,0,106.4073558093698215,-0.001165332970233257514,"-0.0047389941510256"
"6600566",0,25,106.4073558093698215,0.001456666212791571846,"0.0059237426887818"
"6603139",0,1,106.4073558093698215,0.000058266648511662854,"0.0002369497075513"
"6603592",10,75,106.4073558093698215,0.003787332153258086812,"0.0154017309908326"
"6775758",15,0,106.4073558093698215,-0.00087399972767494312,"-0.0035542456132692"
"6792614",0,70,106.4073558093698215,0.004078665395816401144,"0.0165864795285890"
"6801220",1044,0,106.4073558093698215,-0.060830381046176040718,"-0.2473754946835372"
"6801833",0,50,106.4073558093698215,0.002913332425583143692,"0.0118474853775636"
"6801890",0,750,106.4073558093698215,0.043699986383747155628,"0.1777122806634536"
"6810023",5218,174,106.4073558093698215,-0.293896975092827537442,"-1.1951743248886608"
"6817826",163,0,106.4073558093698215,-0.00949746370740104855,"-0.0386228023308588"
"6819338",0,85,106.4073558093698215,0.004952665123491344264,"0.0201407251418581"
"6822954",78,0,106.4073558093698215,-0.004544798583909704224,"-0.0184820771889999"
"6837725",2265,1000,106.4073558093698215,-0.073707310367253535916,"-0.2997413800523703"
"6901876",12,0,106.4073558093698215,-0.000699199782139954496,"-0.0028433964906154"
"6914588",106,0,106.4073558093698215,-0.006176264742236264694,"-0.0251166690004358"
"6933688",0,8761,106.4073558093698215,0.51047410761067844078,"2.0759163878566894"
"6941552",180,0,106.4073558093698215,-0.010487996732099317378,"-0.0426509473592306"
"7052349",10,0,106.4073558093698215,-0.000582666485116628788,"-0.0023694970755128"
"7065548",7,0,106.4073558093698215,-0.000407866539581640164,"-0.0016586479528590"
"7068397",7,0,106.4073558093698215,-0.000407866539581640164,"-0.0016586479528590"
"7084277",1,0,106.4073558093698215,-0.000058266648511662916,"-0.0002369497075513"
"7087334",1100,2251,106.4073558093698215,0.067064912436923968142,"0.2727291133915135"
"7098440",0,9047,106.4073558093698215,0.52713836908501402279,"2.1436840042163531"
"7112896",0,500,106.4073558093698215,0.029133324255831437044,"0.1184748537756357"
"7113524",400,0,106.4073558093698215,-0.023306659404665149722,"-0.0947798830205124"
"7135513",120,50,106.4073558093698215,-0.004078665395816401206,"-0.0165864795285897"
"7151757",2050,0,106.4073558093698215,-0.119446629448908892116,"-0.4857469004801258"
"7157220",0,135,106.4073558093698215,0.007865997549074487956,"0.0319882105194217"
"7177624",1333,0,106.4073558093698215,-0.077669442466046611352,"-0.3158539601658574"
"7208742",0,100,106.4073558093698215,0.005826664851166287384,"0.0236949707551271"
"7213152",100,300,106.4073558093698215,0.01165332970233257483,"0.0473899415102543"
"7223594",13,0,106.4073558093698215,-0.000757466430651617412,"-0.0030803461981667"
"7227920",0,20,106.4073558093698215,0.001165332970233257452,"0.0047389941510254"
"7254231",10,0,106.4073558093698215,-0.000582666485116628788,"-0.0023694970755128"
"7327628",400,0,106.4073558093698215,-0.023306659404665149722,"-0.0947798830205124"
"7353307",312,0,106.4073558093698215,-0.018179194335638816772,"-0.0739283087559996"
"7393840",181,54,106.4073558093698215,-0.007399864360981185062,"-0.0300926128590127"
"7427764",111,0,106.4073558093698215,-0.006467597984794579088,"-0.0263014175381922"
"7428921",15,0,106.4073558093698215,-0.00087399972767494312,"-0.0035542456132692"
"7436039",0,37,106.4073558093698215,0.002155865994931526342,"0.0087671391793970"
"7442084",0,30000,106.4073558093698215,1.747999455349886225802,"7.1084912265381444"
"7460246",55,0,106.4073558093698215,-0.003204665668141458086,"-0.0130322339153204"
"7479213",2000,0,106.4073558093698215,-0.116533297023325748424,"-0.4738994151025618"
"7492374",24,0,106.4073558093698215,-0.001398399564279908992,"-0.0056867929812307"
"7525183",300,0,106.4073558093698215,-0.017479994553498862276,"-0.0710849122653843"
"7541588",9,0,106.4073558093698215,-0.000524399836604965872,"-0.0021325473679615"
"7543586",0,23,106.4073558093698215,0.001340132915768246076,"0.0054498432736792"
"7551747",19,1,106.4073558093698215,-0.001048799673209931744,"-0.0042650947359231"
"7573723",15,0,106.4073558093698215,-0.00087399972767494312,"-0.0035542456132692"
"7582360",0,51,106.4073558093698215,0.002971599074094806546,"0.0120844350851148"
"7604724",400,0,106.4073558093698215,-0.023306659404665149722,"-0.0947798830205124"
"7629533",38,0,106.4073558093698215,-0.002214132643443189258,"-0.0090040888869487"
"7632577",1,0,106.4073558093698215,-0.000058266648511662916,"-0.0002369497075513"
"7635478",19,0,106.4073558093698215,-0.00110706632172159466,"-0.0045020444434743"
"7637146",10,0,106.4073558093698215,-0.000582666485116628788,"-0.0023694970755128"
"7656413",0,1,106.4073558093698215,0.000058266648511662854,"0.0002369497075513"
"7660848",0,21,106.4073558093698215,0.001223599618744920306,"0.0049759438585767"
"7663585",11,0,106.4073558093698215,-0.000640933133628291642,"-0.0026064467830641"
"7663782",51,0,106.4073558093698215,-0.002971599074094806608,"-0.0120844350851153"
"7665329",0,50,106.4073558093698215,0.002913332425583143692,"0.0118474853775636"
"7668406",1400,0,106.4073558093698215,-0.081573307916328023934,"-0.3317295905717932"
"7673880",8,0,106.4073558093698215,-0.000466133188093303018,"-0.0018955976604102"
"7706256",14,0,106.4073558093698215,-0.000815733079163280266,"-0.0033172959057179"
"7712888",27,30,106.4073558093698215,0.000174799945534988562,"0.0007108491226538"
"7738777",100,0,106.4073558093698215,-0.005826664851166287446,"-0.0236949707551281"
"7752615",2,0,106.4073558093698215,-0.00011653329702332577,"-0.0004738994151026"
"7770745",182,0,106.4073558093698215,-0.010604530029122643148,"-0.0431248467743331"
"7781659",0,100,106.4073558093698215,0.005826664851166287384,"0.0236949707551271"
"7783929",30,0,106.4073558093698215,-0.00174799945534988624,"-0.0071084912265384"
"7788862",88,0,106.4073558093698215,-0.00512746506902633295,"-0.0208515742645127"
"7887726",0,20,106.4073558093698215,0.001165332970233257452,"0.0047389941510254"
"8055585",0,70,106.4073558093698215,0.004078665395816401144,"0.0165864795285890"
"8067180",45,0,106.4073558093698215,-0.00262199918302482936,"-0.0106627368398076"
"8073744",0,1,106.4073558093698215,0.000058266648511662854,"0.0002369497075513"
"8076144",21,0,106.4073558093698215,-0.001223599618744920368,"-0.0049759438585769"
"8190848",3200,0,106.4073558093698215,-0.186453275237321197466,"-0.7582390641640988"
"8206800",0,30,106.4073558093698215,0.001747999455349886178,"0.0071084912265381"
"8220449",1,2,106.4073558093698215,0.000058266648511662854,"0.0002369497075513"
"8227123",100,200,106.4073558093698215,0.005826664851166287384,"0.0236949707551271"
"8230161",38,0,106.4073558093698215,-0.002214132643443189258,"-0.0090040888869487"
"8251528",200,0,106.4073558093698215,-0.011653329702332574892,"-0.0473899415102562"
"8268321",301,0,106.4073558093698215,-0.017538261202010525192,"-0.0713218619729355"
"8287873",1,0,106.4073558093698215,-0.000058266648511662916,"-0.0002369497075513"
"8331258",20,0,106.4073558093698215,-0.001165332970233257514,"-0.0047389941510256"
"8344484",0,1100,106.4073558093698215,0.064093313362829161596,"0.2606446783063986"
"8367431",0,1736,106.4073558093698215,0.101150901816246749574,"0.4113446923090073"
"8370526",10,0,106.4073558093698215,-0.000582666485116628788,"-0.0023694970755128"
"8372606",470,8,106.4073558093698215,-0.02691919161238824791,"-0.1094707648886918"
"8384846",0,9,106.4073558093698215,0.00052439983660496581,"0.0021325473679614"
"8385994",14,0,106.4073558093698215,-0.000815733079163280266,"-0.0033172959057179"
"8416084",181,0,106.4073558093698215,-0.010546263380610980232,"-0.0428878970667818"
"8469665",30,0,106.4073558093698215,-0.00174799945534988624,"-0.0071084912265384"
"8480792",1800,0,106.4073558093698215,-0.104879967320993173594,"-0.4265094735923056"
"8490083",1165,621,106.4073558093698215,-0.031697056790344603612,"-0.1289006409078968"
"8490466",8,7,106.4073558093698215,-0.000058266648511662916,"-0.0002369497075513"
"8524895",147,0,106.4073558093698215,-0.008565197331214442514,"-0.0348316070100383"
"8526331",0,13040,106.4073558093698215,0.759797096592083879474,"3.0898241864685801"
"8542651",66,0,106.4073558093698215,-0.003845598801769749728,"-0.0156386806983845"
"8558525",9,0,106.4073558093698215,-0.000524399836604965872,"-0.0021325473679615"
"8574421",35,0,106.4073558093698215,-0.002039332697908200634,"-0.0082932397642948"
"8593883",200,0,106.4073558093698215,-0.011653329702332574892,"-0.0473899415102562"
"8618628",0,478,106.4073558093698215,0.027851457988574853822,"0.1132619602095078"
"8621056",1500,0,106.4073558093698215,-0.087399972767494311318,"-0.3554245613269213"
"8642272",300,0,106.4073558093698215,-0.017479994553498862276,"-0.0710849122653843"
"8644115",30,0,106.4073558093698215,-0.00174799945534988624,"-0.0071084912265384"
"8689302",5000,0,106.4073558093698215,-0.291333242558314370998,"-1.1847485377564044"
"8692769",20,0,106.4073558093698215,-0.001165332970233257514,"-0.0047389941510256"
"8693875",159,0,106.4073558093698215,-0.00926439711335439701,"-0.0376750035006537"
"8694944",40,0,106.4073558093698215,-0.002330665940466515028,"-0.0094779883020512"
"8706006",0,150,106.4073558093698215,0.008739997276749431076,"0.0355424561326907"
"8708382",0,115,106.4073558093698215,0.006700664578841230504,"0.0272492163683962"
"8712741",0,2364,106.4073558093698215,0.137742357081571034534,"0.5601491086512058"
"8712812",1,8223,106.4073558093698215,0.479068384062892151624,"1.9482004954865541"
"8734105",20,0,106.4073558093698215,-0.001165332970233257514,"-0.0047389941510256"
"8742562",250,0,106.4073558093698215,-0.014566662127915718584,"-0.0592374268878202"
"8750817",60,0,106.4073558093698215,-0.00349599891069977248,"-0.0142169824530769"
"8752545",40,0,106.4073558093698215,-0.002330665940466515028,"-0.0094779883020512"
"8754231",1000,0,106.4073558093698215,-0.058266648511662874212,"-0.2369497075512809"
"8791366",0,2560,106.4073558093698215,0.149162620189856957886,"0.6065912513312550"
"8794797",150,0,106.4073558093698215,-0.008739997276749431138,"-0.0355424561326921"
"8800686",0,6570,106.4073558093698215,0.382811880721625083398,"1.5567595786118536"
"8803513",2200,0,106.4073558093698215,-0.128186626725658323254,"-0.5212893566128179"
"8890086",380,0,106.4073558093698215,-0.022141326434431892208,"-0.0900408888694867"
"8901389",0,3875,106.4073558093698215,0.225783262982693637494,"0.9181801167611770"
"8903741",0,3718,106.4073558093698215,0.216635399166362566254,"0.8809790126756274"
"8907086",49,0,106.4073558093698215,-0.002855065777071480838,"-0.0116105356700128"
"8907095",0,401,106.4073558093698215,0.023364926053176812514,"0.0950168327280599"
"8930254",0,17,106.4073558093698215,0.000990533024698268828,"0.0040281450283716"
"8937834",0,1,106.4073558093698215,0.000058266648511662854,"0.0002369497075513"
"8982625",935,0,106.4073558093698215,-0.0544793163584047874,"-0.2215479765604476"
"8985284",428,0,106.4073558093698215,-0.024938125562991710192,"-0.1014144748319482"
"8991691",0,394,106.4073558093698215,0.022957059513595172412,"0.0933581847752010"
"9042159",0,1370,106.4073558093698215,0.079825308460978137632,"0.3246210993452419"
"9065877",0,874,106.4073558093698215,0.050925050799193352004,"0.2070940443998113"
"9104349",5,27,106.4073558093698215,0.001281866267256583222,"0.0052128935661280"
"9115294",0,12,106.4073558093698215,0.000699199782139954434,"0.0028433964906153"
"9115295",0,33,106.4073558093698215,0.001922799400884874802,"0.0078193403491920"
"9117283",0,250,106.4073558093698215,0.014566662127915718522,"0.0592374268878179"
"9118449",350,0,106.4073558093698215,-0.02039332697908200603,"-0.0829323976429483"
"9119497",1000,0,106.4073558093698215,-0.058266648511662874212,"-0.2369497075512809"
"9134547",409,0,106.4073558093698215,-0.023831059241270115594,"-0.0969124303884739"
"9134697",1027,0,106.4073558093698215,-0.059839848021477771828,"-0.2433473496551655"
"9136211",0,7,106.4073558093698215,0.000407866539581640102,"0.0016586479528589"
"9156644",40,0,106.4073558093698215,-0.002330665940466515028,"-0.0094779883020512"
"9179990",0,50,106.4073558093698215,0.002913332425583143692,"0.0118474853775636"
"9181249",1,915,106.4073558093698215,0.05325571673965986697,"0.2165720327018621"
"9189638",2222,1048,106.4073558093698215,-0.068405045352692214342,"-0.2781789566652038"
"9193487",38,19,106.4073558093698215,-0.00110706632172159466,"-0.0045020444434743"
"9196169",3101,0,106.4073558093698215,-0.180684877034666572936,"-0.7347810431165220"
"9203768",170,0,106.4073558093698215,-0.009905330246982688652,"-0.0402814502837177"
"9224741",764,458,106.4073558093698215,-0.017829594444568839524,"-0.0725066105106919"
"9224887",15,563,106.4073558093698215,0.031930123384391255028,"0.1298484397380968"
"9224895",8,766,106.4073558093698215,0.044166119571840458584,"0.1796078783238638"
"9225087",0,2,106.4073558093698215,0.000116533297023325708,"0.0004738994151025"
"9233151",0,2210,106.4073558093698215,0.128769293210774951918,"0.5236588536883100"
"9237251",1396,1349,106.4073558093698215,-0.00273853248004815513,"-0.0111366362549102"
"9237252",8,629,106.4073558093698215,0.036183588725742644858,"0.1471457683893396"
"9237253",932,817,106.4073558093698215,-0.006700664578841230566,"-0.0272492163683973"
"9237254",423,1895,106.4073558093698215,0.085768506609167750786,"0.3487899695154716"
"9237255",732,618,106.4073558093698215,-0.006642397930329567712,"-0.0270122666608460"
"9237263",739,553,106.4073558093698215,-0.010837596623169294626,"-0.0440726456045382"
"9237264",1001,589,106.4073558093698215,-0.024005859186805104218,"-0.0976232795111277"
"9237265",53,634,106.4073558093698215,0.033852922785276129892,"0.1376677800872887"
"9237266",998,919,106.4073558093698215,-0.004603065232421367078,"-0.0187190268965512"
"9237267",74,567,106.4073558093698215,0.028725457716249796942,"0.1168162058227768"
"9237457",31,0,106.4073558093698215,-0.001806266103861549156,"-0.0073454409340897"
"9242319",13,60,106.4073558093698215,0.002738532480048155068,"0.0111366362549098"
"9259754",143,0,106.4073558093698215,-0.008332130737167791036,"-0.0338838081798332"
"9260326",40,0,106.4073558093698215,-0.002330665940466515028,"-0.0094779883020512"
"9288770",1610,0,106.4073558093698215,-0.09380930410377722749,"-0.3814890291575622"
"9291818",1943,1972,106.4073558093698215,0.001689732806838223324,"0.0068715415189869"
"9299015",58,0,106.4073558093698215,-0.00337946561367644671,"-0.0137430830379743"
"9312700",483,0,106.4073558093698215,-0.028142791231133168278,"-0.1144467087472687"
"9321927",5648,0,106.4073558093698215,-0.329090030793871913472,"-1.3382919482496344"
"9331130",100,0,106.4073558093698215,-0.005826664851166287446,"-0.0236949707551281"
"9336973",6,0,106.4073558093698215,-0.000349599891069977248,"-0.0014216982453077"
"9352251",0,53,106.4073558093698215,0.003088132371118132316,"0.0125583345002174"
"9355024",126,0,106.4073558093698215,-0.007341597712469522208,"-0.0298556631514614"
"9368403",100,0,106.4073558093698215,-0.005826664851166287446,"-0.0236949707551281"
"9388196",13205,0,106.4073558093698215,-0.769411093596508253794,"-3.1289208882146640"
"9397074",10,0,106.4073558093698215,-0.000582666485116628788,"-0.0023694970755128"
"9437276",718,0,106.4073558093698215,-0.04183545363137394368,"-0.1701298900218197"
"9442615",0,534,106.4073558093698215,0.031114390305227974762,"0.1265311438323790"
"9481823",8,1,106.4073558093698215,-0.000407866539581640164,"-0.0016586479528590"
"9487054",0,561,106.4073558093698215,0.032687589815042872378,"0.1329287859362633"
"9494275",1000,0,106.4073558093698215,-0.058266648511662874212,"-0.2369497075512809"
"9495561",0,1,106.4073558093698215,0.000058266648511662854,"0.0002369497075513"
"9509964",26,822,106.4073558093698215,0.046380252215283647842,"0.1886119672108121"
"9682933",250,0,106.4073558093698215,-0.014566662127915718584,"-0.0592374268878202"
"9700438",0,100,106.4073558093698215,0.005826664851166287384,"0.0236949707551271"
"9701910",0,4,106.4073558093698215,0.000233066594046651478,"0.0009477988302051"
"9722713",0,20,106.4073558093698215,0.001165332970233257452,"0.0047389941510254"
"9723740",50,0,106.4073558093698215,-0.002913332425583143754,"-0.0118474853775640"
"9732395",25,0,106.4073558093698215,-0.001456666212791571908,"-0.0059237426887820"
"9739515",0,1846,106.4073558093698215,0.107560233152529665746,"0.4374091601396472"
"9778256",50,0,106.4073558093698215,-0.002913332425583143754,"-0.0118474853775640"
"9831823",500,0,106.4073558093698215,-0.029133324255831437106,"-0.1184748537756404"
"9845395",40,0,106.4073558093698215,-0.002330665940466515028,"-0.0094779883020512"
"9890871",17,0,106.4073558093698215,-0.00099053302469826889,"-0.0040281450283718"
"9914694",20981,0,106.4073558093698215,-1.222492552423198763482,"-4.9714418141334241"
"9915076",5000,0,106.4073558093698215,-0.291333242558314370998,"-1.1847485377564044"
"9991512",0,1584,106.4073558093698215,0.092294371242473992666,"0.3753283367612140"
"10004982",0,1,106.4073558093698215,0.000058266648511662854,"0.0002369497075513"
"10046081",0,20000,106.4073558093698215,1.165332970233257483868,"4.7389941510254296"
"10063283",200,0,106.4073558093698215,-0.011653329702332574892,"-0.0473899415102562"
"10185415",0,1153,106.4073558093698215,0.067181445733947293912,"0.2732030128066160"
"10238584",8,0,106.4073558093698215,-0.000466133188093303018,"-0.0018955976604102"
"10382795",108,248,106.4073558093698215,0.00815733079163280235,"0.0331729590571780"
"10382796",104,686,106.4073558093698215,0.033911189433787792746,"0.1379047297948400"
"10429272",0,15,106.4073558093698215,0.000873999727674943058,"0.0035542456132691"
"10443520",223,0,106.4073558093698215,-0.012993462618100820968,"-0.0528397847839356"
"10466204",0,2,106.4073558093698215,0.000116533297023325708,"0.0004738994151025"
"10574547",6,3,106.4073558093698215,-0.000174799945534988624,"-0.0007108491226538"
"10591003",531,321,106.4073558093698215,-0.012235996187449203618,"-0.0497594385857690"
"10598961",0,500,106.4073558093698215,0.029133324255831437044,"0.1184748537756357"
"10598966",0,750,106.4073558093698215,0.043699986383747155628,"0.1777122806634536"
"10631246",80,0,106.4073558093698215,-0.004661331880933029994,"-0.0189559766041025"
"10634335",1950,2,106.4073558093698215,-0.113503431300719278962,"-0.4615780303098952"
"10645954",0,100,106.4073558093698215,0.005826664851166287384,"0.0236949707551271"
"10646253",3288,0,106.4073558093698215,-0.191580740306347530354,"-0.7790906384286115"
"10647660",9,0,106.4073558093698215,-0.000524399836604965872,"-0.0021325473679615"
"10650697",314,0,106.4073558093698215,-0.018295727632662142542,"-0.0744022081711022"
"10654379",0,5447,106.4073558093698215,0.317378434443027675726,"1.2906650570317758"
"10657407",0,1823,106.4073558093698215,0.106220100236761419608,"0.4319593168659679"
"10667410",7540,0,106.4073558093698215,-0.439330529777938071432,"-1.7866007949366578"
"10695217",0,232,106.4073558093698215,0.013517862454705786778,"0.0549723321518950"
"10714787",0,1500,106.4073558093698215,0.087399972767494311256,"0.3554245613269072"
"10733845",0,4128,106.4073558093698215,0.24052472505614434464,"0.9781283927716487"
"10754738",1005,980,106.4073558093698215,-0.001456666212791571908,"-0.0059237426887820"
"10757127",0,123,106.4073558093698215,0.007166797766934533522,"0.0291448140288064"
"10757128",0,32,106.4073558093698215,0.001864532752373211948,"0.0075823906416407"
"10761159",100,0,106.4073558093698215,-0.005826664851166287446,"-0.0236949707551281"
"10762850",0,19,106.4073558093698215,0.001107066321721594598,"0.0045020444434742"
"10777578",0,121,106.4073558093698215,0.007050264469911207752,"0.0286709146137038"
"10783173",1,0,106.4073558093698215,-0.000058266648511662916,"-0.0002369497075513"
"10798263",0,2071,106.4073558093698215,0.120670229067653812422,"0.4907228443386832"
"10806430",280,0,106.4073558093698215,-0.016314661583265604824,"-0.0663459181143586"
"10821783",478,0,106.4073558093698215,-0.027851457988574853884,"-0.1132619602095123"
"10833858",0,7,106.4073558093698215,0.000407866539581640102,"0.0016586479528589"
"10833859",5,0,106.4073558093698215,-0.000291333242558314394,"-0.0011847485377564"
"10850916",848,0,106.4073558093698215,-0.049410117937890117366,"-0.2009333520034862"
"10850942",206,0,106.4073558093698215,-0.01200292959340255214,"-0.0488116397555639"
receive=13.339042110423493447702
pay=-13.339042110423493459792