"user_id","long_pos_qty","short_pos_qty","funding_fee"
"2000294","2396.0000000000000000","2398.0000000000000000","0.0676936816431280"
"2000828","0E-16","5.0000000000000000","0.1692342041078200"
"2002178","1076.0000000000000000","193.0000000000000000","-29.8867604454450146"
"2004064","18.0000000000000000","0E-16","-0.6092431347882336"
"2005972","1.0000000000000000","0E-16","-0.0338468408215685"
"2006835","555.0000000000000000","0E-16","-18.7849966559705358"
"2009045","200.0000000000000000","0E-16","-6.7693681643137066"
"2010987","0E-16","45.0000000000000000","1.5231078369703801"
"2016926","2.0000000000000000","4.0000000000000000","0.0676936816431280"
"2021927","0E-16","990.0000000000000000","33.5083724133483628"
"2022374","2107.0000000000000000","0E-16","-71.3152936110448989"
"2023579","91.0000000000000000","0E-16","-3.0800625147627365"
"2024347","113.0000000000000000","0E-16","-3.8246930128372442"
"2026457","22.0000000000000000","0E-16","-0.7446304980745077"
"2026791","848.0000000000000000","0E-16","-28.7021210166901159"
"2027871","143.0000000000000000","0E-16","-4.8400982374843002"
"2028933","450.0000000000000000","0E-16","-15.2310783697058398"
"2043371","100.0000000000000000","0E-16","-3.3846840821568533"
"2045962","114.0000000000000000","0E-16","-3.8585398536588128"
"2051572","180.0000000000000000","0E-16","-6.0924313478823359"
"2053240","4900.0000000000000000","20313.0000000000000000","521.6813575827659761"
"2060172","12.0000000000000000","279.0000000000000000","9.0371064993575888"
"2062658","200.0000000000000000","0E-16","-6.7693681643137066"
"2064322","100.0000000000000000","199.0000000000000000","3.3508372413348363"
"2066140","190.0000000000000000","0E-16","-6.4308997560980213"
"2069324","2.0000000000000000","0E-16","-0.0676936816431371"
"2069944","3950.0000000000000000","0E-16","-133.6950212451957051"
"2071131","250.0000000000000000","0E-16","-8.4617102053921332"
"2071308","1.0000000000000000","0E-16","-0.0338468408215685"
"2071725","94.0000000000000000","0E-16","-3.1816030372274421"
"2078392","1300.0000000000000000","0E-16","-44.0008930680390928"
"2080132","100.0000000000000000","0E-16","-3.3846840821568533"
"2083322","94.0000000000000000","581.0000000000000000","16.4834114801016694"
"2085991","90.0000000000000000","300.0000000000000000","7.1078365725284406"
"2088752","0E-16","90.0000000000000000","3.0462156739407603"
"2092145","160.0000000000000000","0E-16","-5.4154945314509653"
"2093308","0E-16","18.0000000000000000","0.6092431347881521"
"2093579","0E-16","32892.0000000000000000","1113.2902883028831820"
"2097585","400.0000000000000000","0E-16","-13.5387363286274132"
"2097756","430.0000000000000000","0E-16","-14.5541415532744692"
"2098144","0E-16","35.0000000000000000","1.1846394287547401"
"2098204","520.0000000000000000","0E-16","-17.6003572272156371"
"2099489","38.0000000000000000","0E-16","-1.2861799512196043"
"2100554","646.0000000000000000","0E-16","-21.8650591707332723"
"2103332","16.0000000000000000","0E-16","-0.5415494531450965"
"2104321","0E-16","367.0000000000000000","12.4217905815139890"
"2105882","80.0000000000000000","0E-16","-2.7077472657254826"
"2108915","611.0000000000000000","0E-16","-20.6804197419783736"
"2118390","5.0000000000000000","2.0000000000000000","-0.1015405224647056"
"2127795","950.0000000000000000","0E-16","-32.1544987804901063"
"2137531","29.0000000000000000","0E-16","-0.9815583838254875"
"2139281","625.0000000000000000","0E-16","-21.1542755134803331"
"2139910","1000.0000000000000000","0E-16","-33.8468408215685329"
"2140367","0E-16","30.0000000000000000","1.0154052246469201"
"2140807","267.0000000000000000","0E-16","-9.0371064993587983"
"2140855","40.0000000000000000","0E-16","-1.3538736328627413"
"2142549","4.0000000000000000","0E-16","-0.1353873632862741"
"2145514","700.0000000000000000","0E-16","-23.6927885750979731"
"2148392","2.0000000000000000","0E-16","-0.0676936816431371"
"2151822","7.0000000000000000","0E-16","-0.2369278857509797"
"2154513","2500.0000000000000000","0E-16","-84.6171020539213323"
"2154605","10.0000000000000000","0E-16","-0.3384684082156853"
"2156247","130.0000000000000000","160.0000000000000000","1.0154052246469201"
"2156909","65.0000000000000000","0E-16","-2.2000446534019546"
"2157119","11.0000000000000000","0E-16","-0.3723152490372539"
"2157645","0E-16","1025.0000000000000000","34.6930118421031029"
"2160321","150.0000000000000000","0E-16","-5.0770261232352799"
"2575275","11.0000000000000000","0E-16","-0.3723152490372539"
"3341252","5.0000000000000000","0E-16","-0.1692342041078427"
"3486997","1.0000000000000000","0E-16","-0.0338468408215685"
"3506951","42.0000000000000000","0E-16","-1.4215673145058784"
"3632114","10.0000000000000000","0E-16","-0.3384684082156853"
"3710241","8.0000000000000000","0E-16","-0.2707747265725483"
"3727793","82.0000000000000000","7.0000000000000000","-2.5385130616176400"
"3730304","0E-16","13.0000000000000000","0.4400089306803320"
"3813347","0E-16","1.0000000000000000","0.0338468408215640"
"3824656","20.0000000000000000","0E-16","-0.6769368164313707"
"3882587","2428.0000000000000000","0E-16","-82.1801295147683980"
"3893897","70.0000000000000000","0E-16","-2.3692788575097973"
"3917030","0E-16","43.0000000000000000","1.4554141553272521"
"3948266","56.0000000000000000","12.0000000000000000","-1.4892609961490154"
"3949258","755.0000000000000000","0E-16","-25.5543648202842424"
"3955141","200.0000000000000000","0E-16","-6.7693681643137066"
"3972332","270.0000000000000000","0E-16","-9.1386470218235039"
"3996834","25.0000000000000000","61.0000000000000000","1.2184862695763041"
"3999386","6000.0000000000000000","3027.0000000000000000","-100.6266577625232484"
"4018090","35.0000000000000000","0E-16","-1.1846394287548987"
"4021737","160.0000000000000000","0E-16","-5.4154945314509653"
"4119734","500.0000000000000000","0E-16","-16.9234204107842665"
"4303122","3.0000000000000000","0E-16","-0.1015405224647056"
"5000314","50.0000000000000000","100.0000000000000000","1.6923420410782001"
"5006501","1.0000000000000000","0E-16","-0.0338468408215685"
"5009800","1.0000000000000000","0E-16","-0.0338468408215685"
"5010899","40.0000000000000000","0E-16","-1.3538736328627413"
"5032156","222.0000000000000000","21362.0000000000000000","715.5222149678630204"
"5037200","0E-16","4.0000000000000000","0.1353873632862560"
"5038764","100.0000000000000000","0E-16","-3.3846840821568533"
"5054241","0E-16","20.0000000000000000","0.6769368164312801"
"5054575","8933.0000000000000000","0E-16","-302.3538290590717047"
"5055204","2781.0000000000000000","0E-16","-94.1280643247820901"
"5060530","30.0000000000000000","0E-16","-1.0154052246470560"
"5063301","50.0000000000000000","0E-16","-1.6923420410784266"
"5063736","999.0000000000000000","0E-16","-33.8129939807469644"
"6079783","201.0000000000000000","0E-16","-6.8032150051352751"
"6093173","19.0000000000000000","0E-16","-0.6430899756098021"
"6095075","1200.0000000000000000","0E-16","-40.6162089858822395"
"6099177","10.0000000000000000","0E-16","-0.3384684082156853"
"6102904","2.0000000000000000","0E-16","-0.0676936816431371"
"6104576","50.0000000000000000","20.0000000000000000","-1.0154052246470560"
"6106811","1008.0000000000000000","0E-16","-34.1176155481410812"
"6110811","45.0000000000000000","17.0000000000000000","-0.9477115430039189"
"6123268","1.0000000000000000","0E-16","-0.0338468408215685"
"6123981","20.0000000000000000","0E-16","-0.6769368164313707"
"6128258","73.0000000000000000","0E-16","-2.4708193799745029"
"6128907","300.0000000000000000","0E-16","-10.1540522464705599"
"6139525","17.0000000000000000","0E-16","-0.5753962939666651"
"6141777","400.0000000000000000","0E-16","-13.5387363286274132"
"6153599","60.0000000000000000","0E-16","-2.0308104492941120"
"6163619","53.0000000000000000","0E-16","-1.7938825635431322"
"6164660","0E-16","700.0000000000000000","23.6927885750948020"
"6166787","400.0000000000000000","0E-16","-13.5387363286274132"
"6167632","0E-16","2.0000000000000000","0.0676936816431280"
"6170233","275.0000000000000000","0E-16","-9.3078812259313466"
"6170567","0E-16","25.0000000000000000","0.8461710205391001"
"6175836","4523.0000000000000000","61.0000000000000000","-151.0246037458387940"
"6176567","30.0000000000000000","0E-16","-1.0154052246470560"
"6177960","2.0000000000000000","0E-16","-0.0676936816431371"
"6179384","6.0000000000000000","0E-16","-0.2030810449294112"
"6180032","130.0000000000000000","150.0000000000000000","0.6769368164312801"
"6181062","1.0000000000000000","2.0000000000000000","0.0338468408215640"
"6181942","20.0000000000000000","0E-16","-0.6769368164313707"
"6187171","35.0000000000000000","0E-16","-1.1846394287548987"
"6188563","222.0000000000000000","0E-16","-7.5139986623882143"
"6188797","4.0000000000000000","0E-16","-0.1353873632862741"
"6189309","0E-16","50.0000000000000000","1.6923420410782001"
"6191658","2.0000000000000000","0E-16","-0.0676936816431371"
"6195145","1600.0000000000000000","2000.0000000000000000","13.5387363286256011"
"6207707","310.0000000000000000","0E-16","-10.4925206546862452"
"6216952","8.0000000000000000","0E-16","-0.2707747265725483"
"6217226","3.0000000000000000","0E-16","-0.1015405224647056"
"6220432","6.0000000000000000","0E-16","-0.2030810449294112"
"6225014","10.0000000000000000","0E-16","-0.3384684082156853"
"6226570","14.0000000000000000","0E-16","-0.4738557715019595"
"6231385","10.0000000000000000","0E-16","-0.3384684082156853"
"6239424","1.0000000000000000","0E-16","-0.0338468408215685"
"6247634","504.0000000000000000","0E-16","-17.0588077740705406"
"6248318","2810.0000000000000000","0E-16","-95.1096227086075775"
"6256292","0E-16","23.0000000000000000","0.7784773388959721"
"6257107","187.0000000000000000","0E-16","-6.3293592336333157"
"6261994","1.0000000000000000","0E-16","-0.0338468408215685"
"6262564","1.0000000000000000","0E-16","-0.0338468408215685"
"6272051","2300.0000000000000000","2400.0000000000000000","3.3846840821564003"
"6281913","136.0000000000000000","0E-16","-4.6031703517333205"
"6285692","75.0000000000000000","0E-16","-2.5385130616176400"
"6296562","4000.0000000000000000","0E-16","-135.3873632862741317"
"6301154","9.0000000000000000","0E-16","-0.3046215673941168"
"6308277","1.0000000000000000","0E-16","-0.0338468408215685"
"6308750","9.0000000000000000","0E-16","-0.3046215673941168"
"6309245","759.0000000000000000","0E-16","-25.6897521835705165"
"6310769","0E-16","35.0000000000000000","1.1846394287547401"
"6312049","15.0000000000000000","0E-16","-0.5077026123235280"
"6313073","1107.0000000000000000","14466.0000000000000000","452.1599465352735142"
"6316032","0E-16","23.0000000000000000","0.7784773388959721"
"6319884","15.0000000000000000","0E-16","-0.5077026123235280"
"6322108","300.0000000000000000","0E-16","-10.1540522464705599"
"6328962","680.0000000000000000","0E-16","-23.0158517586666024"
"6339237","65.0000000000000000","0E-16","-2.2000446534019546"
"6339857","0E-16","749.0000000000000000","25.3512837753514381"
"6353295","400.0000000000000000","0E-16","-13.5387363286274132"
"6354374","0E-16","248.0000000000000000","8.3940165237478727"
"6357899","6.0000000000000000","0E-16","-0.2030810449294112"
"6365729","70.0000000000000000","0E-16","-2.3692788575097973"
"6369152","1.0000000000000000","0E-16","-0.0338468408215685"
"6371664","0E-16","1.0000000000000000","0.0338468408215640"
"6380214","284.0000000000000000","0E-16","-9.6125027933254634"
"6385902","275.0000000000000000","100.0000000000000000","-5.9231971437744933"
"6392505","21.0000000000000000","0E-16","-0.7107836572529392"
"6395258","0E-16","1800.0000000000000000","60.9243134788152051"
"6409415","6.0000000000000000","0E-16","-0.2030810449294112"
"6410029","0E-16","4.0000000000000000","0.1353873632862560"
"6410952","20.0000000000000000","0E-16","-0.6769368164313707"
"6411979","14030.0000000000000000","0E-16","-474.8711767266065171"
"6413212","155.0000000000000000","0E-16","-5.2462603273431226"
"6413365","6.0000000000000000","0E-16","-0.2030810449294112"
"6415652","27.0000000000000000","0E-16","-0.9138647021823504"
"6415909","350.0000000000000000","143.0000000000000000","-7.0062960500646863"
"6417125","50.0000000000000000","0E-16","-1.6923420410784266"
"6418197","642.0000000000000000","0E-16","-21.7296718074469981"
"6426205","0E-16","442.0000000000000000","14.9603036431312893"
"6430076","64.0000000000000000","0E-16","-2.1661978125803861"
"6436538","150.0000000000000000","0E-16","-5.0770261232352799"
"6436980","150.0000000000000000","0E-16","-5.0770261232352799"
"6437931","2520.0000000000000000","0E-16","-85.2940388703527030"
"6442823","60.0000000000000000","0E-16","-2.0308104492941120"
"6443880","300.0000000000000000","0E-16","-10.1540522464705599"
"6445359","3.0000000000000000","0E-16","-0.1015405224647056"
"6447168","110.0000000000000000","0E-16","-3.7231524903725386"
"6448524","247.0000000000000000","0E-16","-8.3601696829274276"
"6452924","270.0000000000000000","0E-16","-9.1386470218235039"
"6453447","17.0000000000000000","0E-16","-0.5753962939666651"
"6456066","0E-16","300.0000000000000000","10.1540522464692009"
"6460377","0E-16","1.0000000000000000","0.0338468408215640"
"6465223","0E-16","510.0000000000000000","17.2618888189976415"
"6466269","100.0000000000000000","0E-16","-3.3846840821568533"
"6466909","197.0000000000000000","0E-16","-6.6678276418490010"
"6467955","51.0000000000000000","0E-16","-1.7261888818999952"
"6479069","8815.0000000000000000","0E-16","-298.3599018421266178"
"6484115","680.0000000000000000","50.0000000000000000","-21.3235097175881757"
"6488485","50.0000000000000000","0E-16","-1.6923420410784266"
"6489078","3103.0000000000000000","0E-16","-105.0267470693271577"
"6495125","120.0000000000000000","0E-16","-4.0616208985882240"
"6499565","110.0000000000000000","55.0000000000000000","-1.8615762451862693"
"6508839","485.0000000000000000","0E-16","-16.4157177984607385"
"6509819","0E-16","51.0000000000000000","1.7261888818997641"
"6518787","30.0000000000000000","0E-16","-1.0154052246470560"
"6518933","90.0000000000000000","0E-16","-3.0462156739411680"
"6519941","7.0000000000000000","1.0000000000000000","-0.2030810449294112"
"6521288","315.0000000000000000","0E-16","-10.6617548587940879"
"6521848","2.0000000000000000","0E-16","-0.0676936816431371"
"6529471","0E-16","30.0000000000000000","1.0154052246469201"
"6529561","30.0000000000000000","0E-16","-1.0154052246470560"
"6530837","33.0000000000000000","0E-16","-1.1169457471117616"
"6535233","6.0000000000000000","2.0000000000000000","-0.1353873632862741"
"6538518","49.0000000000000000","0E-16","-1.6584952002568581"
"6544041","50.0000000000000000","0E-16","-1.6923420410784266"
"6547785","0E-16","6.0000000000000000","0.2030810449293840"
"6548529","104.0000000000000000","0E-16","-3.5200714454431274"
"6552806","200.0000000000000000","0E-16","-6.7693681643137066"
"6554796","0E-16","856.0000000000000000","28.9728957432587864"
"6557303","10.0000000000000000","0E-16","-0.3384684082156853"
"6559516","12.0000000000000000","0E-16","-0.4061620898588224"
"6585060","0E-16","350.0000000000000000","11.8463942875474010"
"6588515","20.0000000000000000","0E-16","-0.6769368164313707"
"6603139","0E-16","16700.0000000000000000","565.2422417201188477"
"6606281","0E-16","10.0000000000000000","0.3384684082156400"
"6622929","360.0000000000000000","0E-16","-12.1848626957646719"
"6664991","1200.0000000000000000","0E-16","-40.6162089858822395"
"6740159","86.0000000000000000","0E-16","-2.9108283106548938"
"6790210","90.0000000000000000","0E-16","-3.0462156739411680"
"6790382","44.0000000000000000","0E-16","-1.4892609961490154"
"6790708","46.0000000000000000","0E-16","-1.5569546777921525"
"6790837","260.0000000000000000","0E-16","-8.8001786136078186"
"6796607","3.0000000000000000","0E-16","-0.1015405224647056"
"6807050","98.0000000000000000","0E-16","-3.3169904005137162"
"6808655","5.0000000000000000","0E-16","-0.1692342041078427"
"6809346","344.0000000000000000","0E-16","-11.6433132426195753"
"6810023","14805.0000000000000000","3420.0000000000000000","-385.3462827535577475"
"6813949","105.0000000000000000","0E-16","-3.5539182862646960"
"6820911","500.0000000000000000","0E-16","-16.9234204107842665"
"6854637","0E-16","20.0000000000000000","0.6769368164312801"
"6856680","96.0000000000000000","0E-16","-3.2492967188705792"
"6874531","1.0000000000000000","0E-16","-0.0338468408215685"
"6890843","4.0000000000000000","0E-16","-0.1353873632862741"
"6894187","0E-16","262.0000000000000000","8.8678722952497687"
"6922957","1.0000000000000000","0E-16","-0.0338468408215685"
"6930743","0E-16","600.0000000000000000","20.3081044929384017"
"6932722","1.0000000000000000","4.0000000000000000","0.1015405224646920"
"6938571","235.0000000000000000","0E-16","-7.9540075930686052"
"6959105","2.0000000000000000","0E-16","-0.0676936816431371"
"6969124","1.0000000000000000","0E-16","-0.0338468408215685"
"6969530","38.0000000000000000","0E-16","-1.2861799512196043"
"6970208","5.0000000000000000","0E-16","-0.1692342041078427"
"7012478","4.0000000000000000","0E-16","-0.1353873632862741"
"7013615","8.0000000000000000","0E-16","-0.2707747265725483"
"7051692","0E-16","90.0000000000000000","3.0462156739407603"
"7069100","0E-16","1100.0000000000000000","37.2315249037204031"
"7069242","175.0000000000000000","0E-16","-5.9231971437744933"
"7069780","332.0000000000000000","0E-16","-11.2371511527607529"
"7077832","8.0000000000000000","0E-16","-0.2707747265725483"
"7078509","21.0000000000000000","0E-16","-0.7107836572529392"
"7094246","869.0000000000000000","867.0000000000000000","-0.0676936816431371"
"7098440","0E-16","11387.0000000000000000","385.4139764351493006"
"7098443","10.0000000000000000","0E-16","-0.3384684082156853"
"7101421","15.0000000000000000","0E-16","-0.5077026123235280"
"7110608","100.0000000000000000","0E-16","-3.3846840821568533"
"7112551","2.0000000000000000","0E-16","-0.0676936816431371"
"7114532","0E-16","11.0000000000000000","0.3723152490372040"
"7121547","200.0000000000000000","0E-16","-6.7693681643137066"
"7127695","38035.0000000000000000","0E-16","-1287.3645906483591502"
"7130927","2058.0000000000000000","0E-16","-69.6567984107880408"
"7131246","1345.0000000000000000","0E-16","-45.5240009050096768"
"7131313","40.0000000000000000","0E-16","-1.3538736328627413"
"7138674","0E-16","50.0000000000000000","1.6923420410782001"
"7140550","6120.0000000000000000","0E-16","-207.1426658279994216"
"7143117","122.0000000000000000","0E-16","-4.1293145802313610"
"7143288","3331.0000000000000000","0E-16","-112.7438267766447832"
"7170056","947.0000000000000000","4272.0000000000000000","112.5407457317003095"
"7171896","25.0000000000000000","0E-16","-0.8461710205392133"
"7173819","3000.0000000000000000","0E-16","-101.5405224647055988"
"7201076","16.0000000000000000","0E-16","-0.5415494531450965"
"7203338","300.0000000000000000","0E-16","-10.1540522464705599"
"7206105","200.0000000000000000","0E-16","-6.7693681643137066"
"7210992","120.0000000000000000","0E-16","-4.0616208985882240"
"7215697","0E-16","1.0000000000000000","0.0338468408215640"
"7223594","20.0000000000000000","0E-16","-0.6769368164313707"
"7238025","100.0000000000000000","0E-16","-3.3846840821568533"
"7246569","658.0000000000000000","0E-16","-22.2712212605920947"
"7249591","0E-16","72.0000000000000000","2.4369725391526082"
"7272766","0E-16","1.0000000000000000","0.0338468408215640"
"7289002","50.0000000000000000","0E-16","-1.6923420410784266"
"7317805","291.0000000000000000","18.0000000000000000","-9.2401875442882095"
"7324900","2.0000000000000000","0E-16","-0.0676936816431371"
"7328945","25.0000000000000000","0E-16","-0.8461710205392133"
"7329007","300.0000000000000000","0E-16","-10.1540522464705599"
"7330619","1.0000000000000000","0E-16","-0.0338468408215685"
"7355226","0E-16","1250.0000000000000000","42.3085510269550036"
"7376913","0E-16","1.0000000000000000","0.0338468408215640"
"7393840","121.0000000000000000","43.0000000000000000","-2.6400535840823456"
"7396738","100.0000000000000000","0E-16","-3.3846840821568533"
"7398003","320.0000000000000000","0E-16","-10.8309890629019305"
"7405392","15.0000000000000000","0E-16","-0.5077026123235280"
"7435495","888.0000000000000000","0E-16","-30.0559946495528572"
"7440345","700.0000000000000000","0E-16","-23.6927885750979731"
"7442084","0E-16","47720.0000000000000000","1615.1712440050342164"
"7445708","1922.0000000000000000","5.0000000000000000","-64.8843938549468776"
"7446396","140.0000000000000000","0E-16","-4.7385577150195946"
"7452009","63.0000000000000000","0E-16","-2.1323509717588176"
"7456303","63.0000000000000000","0E-16","-2.1323509717588176"
"7459479","0E-16","1.0000000000000000","0.0338468408215640"
"7459684","15.0000000000000000","0E-16","-0.5077026123235280"
"7463291","0E-16","1.0000000000000000","0.0338468408215640"
"7464944","109.0000000000000000","0E-16","-3.6893056495509701"
"7482851","95.0000000000000000","0E-16","-3.2154498780490106"
"7488650","1300.0000000000000000","0E-16","-44.0008930680390928"
"7521759","5.0000000000000000","0E-16","-0.1692342041078427"
"7527047","20.0000000000000000","10.0000000000000000","-0.3384684082156853"
"7533956","108.0000000000000000","0E-16","-3.6554588087294016"
"7539751","16000.0000000000000000","0E-16","-541.5494531450965269"
"7540280","1160.0000000000000000","0E-16","-39.2623353530194982"
"7541840","440.0000000000000000","0E-16","-14.8926099614901545"
"7543586","0E-16","359.0000000000000000","12.1510158549414770"
"7550508","15.0000000000000000","0E-16","-0.5077026123235280"
"7551747","6.0000000000000000","0E-16","-0.2030810449294112"
"7551950","216.0000000000000000","0E-16","-7.3109176174588031"
"7552088","2701.0000000000000000","456.0000000000000000","-75.9861576444213564"
"7552422","90.0000000000000000","0E-16","-3.0462156739411680"
"7556490","100.0000000000000000","0E-16","-3.3846840821568533"
"7566131","51.0000000000000000","0E-16","-1.7261888818999952"
"7577474","200.0000000000000000","0E-16","-6.7693681643137066"
"7583016","130.0000000000000000","100.0000000000000000","-1.0154052246470560"
"7589858","100.0000000000000000","0E-16","-3.3846840821568533"
"7597058","53.0000000000000000","0E-16","-1.7938825635431322"
"7600151","10.0000000000000000","0E-16","-0.3384684082156853"
"7600529","31.0000000000000000","14.0000000000000000","-0.5753962939666651"
"7602874","50.0000000000000000","0E-16","-1.6923420410784266"
"7627472","143.0000000000000000","0E-16","-4.8400982374843002"
"7635894","393.0000000000000000","386.0000000000000000","-0.2369278857509797"
"7638842","25.0000000000000000","0E-16","-0.8461710205392133"
"7639515","0E-16","22.0000000000000000","0.7446304980744081"
"7650961","590.0000000000000000","0E-16","-19.9696360847254344"
"7651653","0E-16","3.0000000000000000","0.1015405224646920"
"7655179","50.0000000000000000","0E-16","-1.6923420410784266"
"7658339","200.0000000000000000","0E-16","-6.7693681643137066"
"7662413","0E-16","1.0000000000000000","0.0338468408215640"
"7663696","24.0000000000000000","0E-16","-0.8123241797176448"
"7669279","300.0000000000000000","0E-16","-10.1540522464705599"
"7671678","10.0000000000000000","0E-16","-0.3384684082156853"
"7673053","0E-16","200.0000000000000000","6.7693681643128006"
"7674934","100.0000000000000000","0E-16","-3.3846840821568533"
"7682333","52.0000000000000000","0E-16","-1.7600357227215637"
"7682887","0E-16","98.0000000000000000","3.3169904005132723"
"7684597","53.0000000000000000","0E-16","-1.7938825635431322"
"7686618","80.0000000000000000","0E-16","-2.7077472657254826"
"7686767","13.0000000000000000","0E-16","-0.4400089306803909"
"7686823","38.0000000000000000","0E-16","-1.2861799512196043"
"7687356","100.0000000000000000","0E-16","-3.3846840821568533"
"7697056","100.0000000000000000","0E-16","-3.3846840821568533"
"7705322","108.0000000000000000","0E-16","-3.6554588087294016"
"7707105","0E-16","45.0000000000000000","1.5231078369703801"
"7712888","47.0000000000000000","3.0000000000000000","-1.4892609961490154"
"7715729","377.0000000000000000","0E-16","-12.7602589897313369"
"7720565","0E-16","40.0000000000000000","1.3538736328625601"
"7734189","10.0000000000000000","0E-16","-0.3384684082156853"
"7737849","0E-16","1.0000000000000000","0.0338468408215640"
"7738104","0E-16","2.0000000000000000","0.0676936816431280"
"7738954","640.0000000000000000","90.0000000000000000","-18.6157624518626931"
"7741830","21.0000000000000000","0E-16","-0.7107836572529392"
"7741851","10.0000000000000000","0E-16","-0.3384684082156853"
"7752615","2.0000000000000000","0E-16","-0.0676936816431371"
"7755492","440.0000000000000000","0E-16","-14.8926099614901545"
"7768224","3455.0000000000000000","5.0000000000000000","-116.7716008344114386"
"7774061","15.0000000000000000","0E-16","-0.5077026123235280"
"7776270","75.0000000000000000","0E-16","-2.5385130616176400"
"7783764","7688.0000000000000000","0E-16","-260.2145122362188812"
"7783929","20.0000000000000000","0E-16","-0.6769368164313707"
"7790823","67.0000000000000000","0E-16","-2.2677383350450917"
"7796466","2195.0000000000000000","1111.0000000000000000","-36.6899754505802897"
"7803994","8.0000000000000000","15.0000000000000000","0.2369278857509480"
"7807159","1.0000000000000000","0E-16","-0.0338468408215685"
"8046756","167.0000000000000000","0E-16","-5.6524224172019450"
"8046765","70.0000000000000000","0E-16","-2.3692788575097973"
"8046973","1.0000000000000000","0E-16","-0.0338468408215685"
"8054845","23.0000000000000000","5.0000000000000000","-0.6092431347882336"
"8070767","0E-16","3.0000000000000000","0.1015405224646920"
"8093705","876.0000000000000000","0E-16","-29.6498325596940349"
"8129132","0E-16","28663.0000000000000000","970.1519984684890139"
"8156555","1.0000000000000000","0E-16","-0.0338468408215685"
"8175768","75.0000000000000000","60.0000000000000000","-0.5077026123235280"
"8181184","10.0000000000000000","0E-16","-0.3384684082156853"
"8184093","630.0000000000000000","0E-16","-21.3235097175881757"
"8195585","130.0000000000000000","0E-16","-4.4000893068039093"
"8201623","16.0000000000000000","11.0000000000000000","-0.1692342041078427"
"8202404","60.0000000000000000","62.0000000000000000","0.0676936816431280"
"8208748","794.0000000000000000","0E-16","-26.8743916123254151"
"8218205","110.0000000000000000","0E-16","-3.7231524903725386"
"8220449","1.0000000000000000","0E-16","-0.0338468408215685"
"8222549","0E-16","1991.0000000000000000","67.3890600757339297"
"8225900","1.0000000000000000","0E-16","-0.0338468408215685"
"8250020","0E-16","1463.0000000000000000","49.5179281219481362"
"8258436","1.0000000000000000","0E-16","-0.0338468408215685"
"8264957","5300.0000000000000000","500.0000000000000000","-162.4648359435289581"
"8280966","20.0000000000000000","0E-16","-0.6769368164313707"
"8282884","350.0000000000000000","0E-16","-11.8463942875489865"
"8289000","59.0000000000000000","0E-16","-1.9969636084725434"
"8296607","72.0000000000000000","0E-16","-2.4369725391529344"
"8314430","5.0000000000000000","0E-16","-0.1692342041078427"
"8337656","630.0000000000000000","300.0000000000000000","-11.1694574711176159"
"8343462","50.0000000000000000","0E-16","-1.6923420410784266"
"8345916","10.0000000000000000","0E-16","-0.3384684082156853"
"8356203","70.0000000000000000","72.0000000000000000","0.0676936816431280"
"8360917","2900.0000000000000000","0E-16","-98.1558383825487455"
"8370526","3.0000000000000000","0E-16","-0.1015405224647056"
"8371060","558.0000000000000000","1755.0000000000000000","40.5146684634121114"
"8372575","0E-16","1.0000000000000000","0.0338468408215640"
"8374476","606.0000000000000000","1611.0000000000000000","34.0160750256718229"
"8376839","7.0000000000000000","0E-16","-0.2369278857509797"
"8378710","215.0000000000000000","0E-16","-7.2770707766372346"
"8381048","39.0000000000000000","0E-16","-1.3200267920411728"
"8388423","60.0000000000000000","0E-16","-2.0308104492941120"
"8390355","194.0000000000000000","0E-16","-6.5662871193842954"
"8397704","100.0000000000000000","20.0000000000000000","-2.7077472657254826"
"8418733","500.0000000000000000","0E-16","-16.9234204107842665"
"8421085","1.0000000000000000","0E-16","-0.0338468408215685"
"8426910","2.0000000000000000","0E-16","-0.0676936816431371"
"8432368","1.0000000000000000","0E-16","-0.0338468408215685"
"8438082","434.0000000000000000","0E-16","-14.6895289165607433"
"8460369","113.0000000000000000","0E-16","-3.8246930128372442"
"8477530","6.0000000000000000","2.0000000000000000","-0.1353873632862741"
"8490083","4025.0000000000000000","191.0000000000000000","-129.7687877098937553"
"8496291","480.0000000000000000","0E-16","-16.2464835943528958"
"8513525","8.0000000000000000","0E-16","-0.2707747265725483"
"8525751","536.0000000000000000","357.0000000000000000","-6.0585845070607674"
"8526331","0E-16","3660.0000000000000000","123.8794374069242505"
"8535714","10.0000000000000000","0E-16","-0.3384684082156853"
"8536306","0E-16","1100.0000000000000000","37.2315249037204031"
"8537786","3.0000000000000000","0E-16","-0.1015405224647056"
"8538008","7731.0000000000000000","0E-16","-261.6699263915463281"
"8541891","80.0000000000000000","30.0000000000000000","-1.6923420410784266"
"8614497","15.0000000000000000","0E-16","-0.5077026123235280"
"8618628","0E-16","76.0000000000000000","2.5723599024388642"
"8619486","92.0000000000000000","0E-16","-3.1139093555843050"
"8625891","110.0000000000000000","0E-16","-3.7231524903725386"
"8628984","0E-16","7.0000000000000000","0.2369278857509480"
"8637732","50.0000000000000000","0E-16","-1.6923420410784266"
"8642792","3.0000000000000000","0E-16","-0.1015405224647056"
"8645133","95.0000000000000000","0E-16","-3.2154498780490106"
"8652629","40.0000000000000000","0E-16","-1.3538736328627413"
"8658494","7.0000000000000000","0E-16","-0.2369278857509797"
"8661874","20.0000000000000000","19.0000000000000000","-0.0338468408215685"
"8664106","1205.0000000000000000","0E-16","-40.7854431899900822"
"8664216","80.0000000000000000","0E-16","-2.7077472657254826"
"8664898","201.0000000000000000","0E-16","-6.8032150051352751"
"8665167","0E-16","200.0000000000000000","6.7693681643128006"
"8667342","1145.0000000000000000","0E-16","-38.7546327406959702"
"8668544","64.0000000000000000","0E-16","-2.1661978125803861"
"8669702","0E-16","14.0000000000000000","0.4738557715018960"
"8677313","264.0000000000000000","0E-16","-8.9355659768940927"
"8679288","10.0000000000000000","0E-16","-0.3384684082156853"
"8685319","130.0000000000000000","30.0000000000000000","-3.3846840821568533"
"8686366","3249.0000000000000000","0E-16","-109.9683858292761635"
"8687329","340.0000000000000000","0E-16","-11.5079258793333012"
"8688129","2.0000000000000000","0E-16","-0.0676936816431371"
"8695044","80.0000000000000000","0E-16","-2.7077472657254826"
"8695236","10.0000000000000000","0E-16","-0.3384684082156853"
"8703159","0E-16","410.0000000000000000","13.8772047368412412"
"8703182","100.0000000000000000","60.0000000000000000","-1.3538736328627413"
"8703530","0E-16","804.0000000000000000","27.2128600205374583"
"8703863","568.0000000000000000","0E-16","-19.2250055866509267"
"8715700","55.0000000000000000","0E-16","-1.8615762451862693"
"8716970","514.0000000000000000","0E-16","-17.3972761822862259"
"8728584","1135.0000000000000000","125.0000000000000000","-34.1853092297842183"
"8731658","140.0000000000000000","0E-16","-4.7385577150195946"
"8734105","27.0000000000000000","0E-16","-0.9138647021823504"
"8734663","33.0000000000000000","0E-16","-1.1169457471117616"
"8737466","76.0000000000000000","0E-16","-2.5723599024392085"
"8739757","900.0000000000000000","0E-16","-30.4621567394116796"
"8740309","15.0000000000000000","0E-16","-0.5077026123235280"
"8741175","33.0000000000000000","0E-16","-1.1169457471117616"
"8748559","0E-16","34690.0000000000000000","1174.1469081000552592"
"8749014","118.0000000000000000","0E-16","-3.9939272169450869"
"8749335","1311.0000000000000000","2548.0000000000000000","41.8685420962746715"
"8749816","8.0000000000000000","0E-16","-0.2707747265725483"
"8753555","100.0000000000000000","0E-16","-3.3846840821568533"
"8753582","0E-16","20.0000000000000000","0.6769368164312801"
"8753739","2098.0000000000000000","0E-16","-71.0106720436507821"
"8756104","0E-16","313.0000000000000000","10.5940611771495329"
"8756435","5.0000000000000000","0E-16","-0.1692342041078427"
"8759465","68.0000000000000000","51.0000000000000000","-0.5753962939666651"
"8761125","63.0000000000000000","0E-16","-2.1323509717588176"
"8765024","120.0000000000000000","0E-16","-4.0616208985882240"
"8765698","1186.0000000000000000","0E-16","-40.1423532143802801"
"8769083","15.0000000000000000","2.0000000000000000","-0.4400089306803909"
"8769846","2015.0000000000000000","7256.0000000000000000","177.3912927458169390"
"8781415","0E-16","10.0000000000000000","0.3384684082156400"
"8786551","1000.0000000000000000","0E-16","-33.8468408215685329"
"8789823","53674.0000000000000000","4.0000000000000000","-1816.5599468935831626"
"8790099","9.0000000000000000","0E-16","-0.3046215673941168"
"8791366","0E-16","7420.0000000000000000","251.1435588960049012"
"8800686","0E-16","12511.0000000000000000","423.4578255185872398"
"8802318","10.0000000000000000","0E-16","-0.3384684082156853"
"8803513","0E-16","43936.0000000000000000","1487.0947983362360296"
"8806134","50.0000000000000000","387.0000000000000000","11.4063853568670690"
"8806185","50.0000000000000000","354.0000000000000000","10.2894396097554569"
"8809558","3.0000000000000000","0E-16","-0.1015405224647056"
"8811808","100.0000000000000000","0E-16","-3.3846840821568533"
"8813117","0E-16","10.0000000000000000","0.3384684082156400"
"8887100","0E-16","13.0000000000000000","0.4400089306803320"
"8901389","1835.0000000000000000","0E-16","-62.1089529075782579"
"8903741","1382.0000000000000000","0E-16","-46.7763340154077125"
"8905844","0E-16","5.0000000000000000","0.1692342041078200"
"8907107","20.0000000000000000","0E-16","-0.6769368164313707"
"8910658","23.0000000000000000","2183.0000000000000000","73.1091761745782462"
"8911531","45.0000000000000000","73.0000000000000000","0.9477115430037921"
"8913845","0E-16","4.0000000000000000","0.1353873632862560"
"8979065","0E-16","2409.0000000000000000","81.5370395391476829"
"8982229","0E-16","464.0000000000000000","15.7049341412056973"
"8982528","250.0000000000000000","0E-16","-8.4617102053921332"
"8983463","43.0000000000000000","0E-16","-1.4554141553274469"
"8988892","4.0000000000000000","1.0000000000000000","-0.1015405224647056"
"9079532","1000.0000000000000000","0E-16","-33.8468408215685329"
"9083838","161.0000000000000000","136.0000000000000000","-0.8461710205392133"
"9104279","0E-16","1154.0000000000000000","39.0592543080848593"
"9104315","1.0000000000000000","297.0000000000000000","10.0186648831829448"
"9108332","0E-16","100.0000000000000000","3.3846840821564003"
"9109905","13000.0000000000000000","0E-16","-440.0089306803909281"
"9115768","50.0000000000000000","0E-16","-1.6923420410784266"
"9116407","200.0000000000000000","0E-16","-6.7693681643137066"
"9116561","1620.0000000000000000","0E-16","-54.8318821309410234"
"9117553","91.0000000000000000","0E-16","-3.0800625147627365"
"9119485","38.0000000000000000","89.0000000000000000","1.7261888818997641"
"9120362","188.0000000000000000","0E-16","-6.3632060744548842"
"9121350","400.0000000000000000","0E-16","-13.5387363286274132"
"9122993","0E-16","2.0000000000000000","0.0676936816431280"
"9128704","30.0000000000000000","0E-16","-1.0154052246470560"
"9135034","9.0000000000000000","0E-16","-0.3046215673941168"
"9136211","0E-16","42.0000000000000000","1.4215673145056881"
"9136733","1088.0000000000000000","0E-16","-36.8253628138665638"
"9138719","0E-16","1091.0000000000000000","36.9269033363263271"
"9140004","31.0000000000000000","0E-16","-1.0492520654686245"
"9141874","80.0000000000000000","0E-16","-2.7077472657254826"
"9142133","160.0000000000000000","0E-16","-5.4154945314509653"
"9142941","100.0000000000000000","0E-16","-3.3846840821568533"
"9145603","79.0000000000000000","0E-16","-2.6739004249039141"
"9155169","76.0000000000000000","0E-16","-2.5723599024392085"
"9160752","10.0000000000000000","0E-16","-0.3384684082156853"
"9164481","23.0000000000000000","7.0000000000000000","-0.5415494531450965"
"9165821","20.0000000000000000","0E-16","-0.6769368164313707"
"9166653","20.0000000000000000","0E-16","-0.6769368164313707"
"9176131","16.0000000000000000","0E-16","-0.5415494531450965"
"9181249","17.0000000000000000","7760.0000000000000000","262.0760884813700741"
"9184334","124.0000000000000000","0E-16","-4.1970082618744981"
"9184988","1400.0000000000000000","1296.0000000000000000","-3.5200714454431274"
"9186134","14.0000000000000000","0E-16","-0.4738557715019595"
"9189420","1.0000000000000000","0E-16","-0.0338468408215685"
"9189638","5535.0000000000000000","8.0000000000000000","-187.0714892208092815"
"9191466","10.0000000000000000","0E-16","-0.3384684082156853"
"9196823","88.0000000000000000","70.0000000000000000","-0.6092431347882336"
"9197309","0E-16","454.0000000000000000","15.3664657329900573"
"9202023","403.0000000000000000","359.0000000000000000","-1.4892609961490154"
"9202837","700.0000000000000000","0E-16","-23.6927885750979731"
"9203583","2.0000000000000000","0E-16","-0.0676936816431371"
"9204527","0E-16","18.0000000000000000","0.6092431347881521"
"9207945","3.0000000000000000","0E-16","-0.1015405224647056"
"9224741","785.0000000000000000","359.0000000000000000","-14.4187541899881950"
"9224887","1440.0000000000000000","542.0000000000000000","-30.3944630577685426"
"9224895","1132.0000000000000000","584.0000000000000000","-18.5480687702195560"
"9229317","232.0000000000000000","37.0000000000000000","-6.6001339602058639"
"9237251","3573.0000000000000000","201.0000000000000000","-114.1315472503290931"
"9237252","605.0000000000000000","448.0000000000000000","-5.3139540089862597"
"9237253","807.0000000000000000","566.0000000000000000","-8.1570886379980164"
"9237254","4829.0000000000000000","6.0000000000000000","-163.2433132824250343"
"9237255","1625.0000000000000000","591.0000000000000000","-34.9976334095018631"
"9237263","1177.0000000000000000","1355.0000000000000000","6.0247376662383925"
"9237264","1688.0000000000000000","461.0000000000000000","-41.5300736880645899"
"9237265","1509.0000000000000000","264.0000000000000000","-42.1393168228528235"
"9237266","2765.0000000000000000","741.0000000000000000","-68.5060058228547107"
"9237267","333.0000000000000000","0E-16","-11.2709979935823215"
"9237479","0E-16","94.0000000000000000","3.1816030372270163"
"9237754","200.0000000000000000","0E-16","-6.7693681643137066"
"9257558","200.0000000000000000","0E-16","-6.7693681643137066"
"9262599","2000.0000000000000000","0E-16","-67.6936816431370659"
"9265334","10.0000000000000000","0E-16","-0.3384684082156853"
"9266108","1500.0000000000000000","0E-16","-50.7702612323527994"
"9279548","200.0000000000000000","0E-16","-6.7693681643137066"
"9279822","0E-16","141.0000000000000000","4.7724045558405244"
"9279823","0E-16","169.0000000000000000","5.7201160988443165"
"9288770","13.0000000000000000","513.0000000000000000","16.9234204107820014"
"9301766","310.0000000000000000","0E-16","-10.4925206546862452"
"9305491","12.0000000000000000","0E-16","-0.4061620898588224"
"9305732","0E-16","100.0000000000000000","3.3846840821564003"
"9306712","10.0000000000000000","0E-16","-0.3384684082156853"
"9307336","20.0000000000000000","0E-16","-0.6769368164313707"
"9309137","1500.0000000000000000","0E-16","-50.7702612323527994"
"9313934","20.0000000000000000","0E-16","-0.6769368164313707"
"9321532","50.0000000000000000","0E-16","-1.6923420410784266"
"9321748","530.0000000000000000","0E-16","-17.9388256354313225"
"9322632","1000.0000000000000000","0E-16","-33.8468408215685329"
"9333553","55.0000000000000000","0E-16","-1.8615762451862693"
"9335349","20.0000000000000000","0E-16","-0.6769368164313707"
"9336498","200.0000000000000000","0E-16","-6.7693681643137066"
"9337064","160.0000000000000000","0E-16","-5.4154945314509653"
"9350685","1000.0000000000000000","0E-16","-33.8468408215685329"
"9352484","60.0000000000000000","0E-16","-2.0308104492941120"
"9353529","570.0000000000000000","1.0000000000000000","-19.2588524274724952"
"9355533","800.0000000000000000","0E-16","-27.0774726572548263"
"9357032","390.0000000000000000","0E-16","-13.2002679204117278"
"9359298","53.0000000000000000","0E-16","-1.7938825635431322"
"9365022","70.0000000000000000","40.0000000000000000","-1.0154052246470560"
"9373573","18464.0000000000000000","1983.0000000000000000","-557.8297835802709913"
"9373689","300.0000000000000000","0E-16","-10.1540522464705599"
"9378853","300.0000000000000000","0E-16","-10.1540522464705599"
"9388196","93.0000000000000000","18162.0000000000000000","611.5785668048399677"
"9390365","1709.0000000000000000","0E-16","-57.8442509640606228"
"9397099","16.0000000000000000","0E-16","-0.5415494531450965"
"9405909","5.0000000000000000","0E-16","-0.1692342041078427"
"9412409","55.0000000000000000","0E-16","-1.8615762451862693"
"9445218","132.0000000000000000","276.0000000000000000","4.8739450783052164"
"9445937","80.0000000000000000","0E-16","-2.7077472657254826"
"9448317","40.0000000000000000","0E-16","-1.3538736328627413"
"9452547","230.0000000000000000","0E-16","-7.7847733889607626"
"9452688","300.0000000000000000","0E-16","-10.1540522464705599"
"9455147","15.0000000000000000","0E-16","-0.5077026123235280"
"9456424","73.0000000000000000","0E-16","-2.4708193799745029"
"9472908","0E-16","31.0000000000000000","1.0492520654684841"
"9474152","20.0000000000000000","0E-16","-0.6769368164313707"
"9474251","22.0000000000000000","20.0000000000000000","-0.0676936816431371"
"9479619","20.0000000000000000","0E-16","-0.6769368164313707"
"9507164","0E-16","7.0000000000000000","0.2369278857509480"
"9509964","1307.0000000000000000","97.0000000000000000","-40.9546773940979249"
"9511408","1.0000000000000000","0E-16","-0.0338468408215685"
"9526559","225.0000000000000000","0E-16","-7.6155391848529199"
"9682391","19.0000000000000000","0E-16","-0.6430899756098021"
"9690385","2650.0000000000000000","0E-16","-89.6941281771566123"
"9690862","2.0000000000000000","0E-16","-0.0676936816431371"
"9699988","707.0000000000000000","1656.0000000000000000","32.1206519396642387"
"9701792","9.0000000000000000","1.0000000000000000","-0.2707747265725483"
"9720114","260.0000000000000000","156.0000000000000000","-3.5200714454431274"
"9749759","30.0000000000000000","0E-16","-1.0154052246470560"
"9809796","105.0000000000000000","0E-16","-3.5539182862646960"
"9810086","168.0000000000000000","11148.0000000000000000","371.6383122207727514"
"9819283","400.0000000000000000","0E-16","-13.5387363286274132"
"9832172","36.0000000000000000","0E-16","-1.2184862695764672"
"9839672","90.0000000000000000","0E-16","-3.0462156739411680"
"9852271","0E-16","52.0000000000000000","1.7600357227213281"
"9872270","25.0000000000000000","0E-16","-0.8461710205392133"
"9886524","110.0000000000000000","0E-16","-3.7231524903725386"
"9902380","100.0000000000000000","0E-16","-3.3846840821568533"
"9902519","94.0000000000000000","0E-16","-3.1816030372274421"
"9919362","6890.0000000000000000","0E-16","-233.2047332606071919"
"9946793","0E-16","3050.0000000000000000","103.2328645057702087"
"9946922","7.0000000000000000","0E-16","-0.2369278857509797"
"9961100","7.0000000000000000","0E-16","-0.2369278857509797"
"9969524","0E-16","8.0000000000000000","0.2707747265725120"
"9970272","1.0000000000000000","0E-16","-0.0338468408215685"
"9975108","227.0000000000000000","15.0000000000000000","-7.1755302541725290"
"9975109","109.0000000000000000","200.0000000000000000","3.0800625147623243"
"9975556","1.0000000000000000","0E-16","-0.0338468408215685"
"9985955","0E-16","1.0000000000000000","0.0338468408215640"
"9991512","0E-16","990.0000000000000000","33.5083724133483628"
"9994292","200.0000000000000000","0E-16","-6.7693681643137066"
"10004982","2.0000000000000000","0E-16","-0.0676936816431371"
"10034243","0E-16","10.0000000000000000","0.3384684082156400"
"10039675","24.0000000000000000","0E-16","-0.8123241797176448"
"10046081","0E-16","22850.0000000000000000","773.4003127727374653"
"10047920","301.0000000000000000","0E-16","-10.1878990872921284"
"10053637","188.0000000000000000","0E-16","-6.3632060744548842"
"10063855","0E-16","21000.0000000000000000","710.7836572528440600"
"10165701","20.0000000000000000","0E-16","-0.6769368164313707"
"10176954","326.0000000000000000","0E-16","-11.0340701078313417"
"10189386","573.0000000000000000","0E-16","-19.3942397907587694"
"10194153","285.0000000000000000","0E-16","-9.6463496341470319"
"10203701","1.0000000000000000","0E-16","-0.0338468408215685"
"10220358","18.0000000000000000","0E-16","-0.6092431347882336"
"10238584","20.0000000000000000","0E-16","-0.6769368164313707"
"10374759","150.0000000000000000","0E-16","-5.0770261232352799"
"10377703","88.0000000000000000","0E-16","-2.9785219922980309"
"10394383","1.0000000000000000","0E-16","-0.0338468408215685"
"10401914","163.0000000000000000","0E-16","-5.5170350539156709"
"10404362","1.0000000000000000","0E-16","-0.0338468408215685"
"10414883","0E-16","2389.0000000000000000","80.8601027227164028"
"10415666","3000.0000000000000000","0E-16","-101.5405224647055988"
"10421782","1.0000000000000000","0E-16","-0.0338468408215685"
"10422241","4440.0000000000000000","0E-16","-150.2799732477642862"
"10435474","1.0000000000000000","0E-16","-0.0338468408215685"
"10445695","135.0000000000000000","0E-16","-4.5693235109117519"
"10468662","53.0000000000000000","0E-16","-1.7938825635431322"
"10471322","9599.0000000000000000","266.0000000000000000","-315.8925653876991179"
"10471880","0E-16","5900.0000000000000000","199.6963608472276169"
"10472169","0E-16","20.0000000000000000","0.6769368164312801"
"10484683","2089.0000000000000000","0E-16","-70.7060504762566653"
"10525149","0E-16","267.0000000000000000","9.0371064993575888"
"10529170","251.0000000000000000","0E-16","-8.4955570462137018"
"10529944","1343.0000000000000000","0E-16","-45.4563072233665397"
"10531113","2.0000000000000000","3.0000000000000000","0.0338468408215640"
"10571865","0E-16","100.0000000000000000","3.3846840821564003"
"10574547","6.0000000000000000","1.0000000000000000","-0.1692342041078427"
"10579874","0E-16","96.0000000000000000","3.2492967188701443"
"10581760","46.0000000000000000","0E-16","-1.5569546777921525"
"10585480","124.0000000000000000","0E-16","-4.1970082618744981"
"10587569","0E-16","1200.0000000000000000","40.6162089858768034"
"10589019","500.0000000000000000","0E-16","-16.9234204107842665"
"10591004","1648.0000000000000000","260.0000000000000000","-46.9794150603371237"
"10598961","0E-16","500.0000000000000000","16.9234204107820014"
"10598966","0E-16","750.0000000000000000","25.3851306161730021"
"10602248","0E-16","3.0000000000000000","0.1015405224646920"
"10605629","15.0000000000000000","0E-16","-0.5077026123235280"
"10622615","100.0000000000000000","0E-16","-3.3846840821568533"
"10623247","1.0000000000000000","0E-16","-0.0338468408215685"
"10628979","0E-16","5500.0000000000000000","186.1576245186020157"
"10629467","4923.0000000000000000","4490.0000000000000000","-14.6556820757391748"
"10634335","19.0000000000000000","4054.0000000000000000","136.5720027150107515"
"10641908","16.0000000000000000","0E-16","-0.5415494531450965"
"10644116","350.0000000000000000","0E-16","-11.8463942875489865"
"10645953","0E-16","33.0000000000000000","1.1169457471116121"
"10647660","16.0000000000000000","0E-16","-0.5415494531450965"
"10657407","17530.0000000000000000","522.0000000000000000","-575.6670686932376081"
"10657609","120.0000000000000000","0E-16","-4.0616208985882240"
"10661313","40.0000000000000000","0E-16","-1.3538736328627413"
"10665065","7.0000000000000000","0E-16","-0.2369278857509797"
"10666686","0E-16","4200.0000000000000000","142.1567314505688120"
"10675234","3443.0000000000000000","0E-16","-116.5346729486604589"
"10684040","0E-16","500.0000000000000000","16.9234204107820014"
"10709724","3784.0000000000000000","0E-16","-128.0764456688153286"
"10714672","0E-16","1326.0000000000000000","44.8809109293938678"
"10718270","0E-16","202.0000000000000000","6.8370618459559286"
"10719353","3.0000000000000000","0E-16","-0.1015405224647056"
"10723173","0E-16","40.0000000000000000","1.3538736328625601"
"10733845","1693.0000000000000000","0E-16","-57.3027015109155263"
"10736736","20.0000000000000000","5.0000000000000000","-0.5077026123235280"
"10743320","2000.0000000000000000","200.0000000000000000","-60.9243134788233593"
"10744034","815.0000000000000000","0E-16","-27.5851752695783543"
"10750187","7.0000000000000000","0E-16","-0.2369278857509797"
"10754738","1850.0000000000000000","1897.0000000000000000","1.5908015186135081"
"10757150","0E-16","2.0000000000000000","0.0676936816431280"
"10772214","0E-16","1202.0000000000000000","40.6839026675199314"
"10776711","672.0000000000000000","1069.0000000000000000","13.4371958061609091"
"10785259","1.0000000000000000","0E-16","-0.0338468408215685"
"10798263","384.0000000000000000","0E-16","-12.9971868754823166"
"10798596","0E-16","366.0000000000000000","12.3879437406924250"
"10798756","1500.0000000000000000","0E-16","-50.7702612323527994"
"10821828","0E-16","4.0000000000000000","0.1353873632862560"
"10836260","500.0000000000000000","1000.0000000000000000","16.9234204107820014"